quadrant,censusID,person in charge,data collection date,data entry person,data entry date,1st data curator,1st curation date,2nd data curator,2nd curation date
A01,2014,Mariela Nuñez Ávila,2014,Mariela Nuñez Ávila,2014,Mariela Nuñez Ávila,2014,Fernanda Montero-Silva,6/3/2024
A02,2014,Mariela Nuñez Ávila,2014,Mariela Nuñez Ávila,2014,Mariela Nuñez Ávila,2014,Fernanda Montero-Silva,6/3/2024
A03,2014,Mariela Nuñez Ávila,2014,Mariela Nuñez Ávila,2014,Mariela Nuñez Ávila,2014,Fernanda Montero-Silva,6/3/2024
A04,2014,Mariela Nuñez Ávila,2014,Mariela Nuñez Ávila,2014,Mariela Nuñez Ávila,2014,Fernanda Montero-Silva,6/3/2024
A05,2014,Mariela Nuñez Ávila,2014,Mariela Nuñez Ávila,2014,Mariela Nuñez Ávila,2014,Fernanda Montero-Silva,6/3/2024
A06,2014,Mariela Nuñez Ávila,2014,Mariela Nuñez Ávila,2014,Mariela Nuñez Ávila,2014,Fernanda Montero-Silva,6/3/2024
A07,2014,Mariela Nuñez Ávila,2013,Mariela Nuñez Ávila,2013,Mariela Nuñez Ávila,2013,Fernanda Montero-Silva,6/3/2024
A08,2014,Mariela Nuñez Ávila,2013,Mariela Nuñez Ávila,2013,Mariela Nuñez Ávila,2013,Fernanda Montero-Silva,6/3/2024
A09,2014,Mariela Nuñez Ávila,2013,Mariela Nuñez Ávila,2013,Mariela Nuñez Ávila,2013,Fernanda Montero-Silva,6/3/2024
A10,2014,Mariela Nuñez Ávila,2013,Mariela Nuñez Ávila,2013,Mariela Nuñez Ávila,2013,Fernanda Montero-Silva,6/3/2024
A11,2014,Mariela Nuñez Ávila,2012,Mariela Nuñez Ávila,2012,Mariela Nuñez Ávila,2012,Fernanda Montero-Silva,6/3/2024
A12,2014,Mariela Nuñez Ávila,2012,Mariela Nuñez Ávila,2012,Mariela Nuñez Ávila,2012,Fernanda Montero-Silva,6/3/2024
A13,2014,Mariela Nuñez Ávila,2012,Mariela Nuñez Ávila,2012,Mariela Nuñez Ávila,2012,Fernanda Montero-Silva,6/3/2024
A14,2014,Mariela Nuñez Ávila,2012,Mariela Nuñez Ávila,2012,Mariela Nuñez Ávila,2012,Fernanda Montero-Silva,6/3/2024
A15,2014,Mariela Nuñez Ávila,2012,Mariela Nuñez Ávila,2012,Mariela Nuñez Ávila,2012,Fernanda Montero-Silva,6/3/2024
A16,2014,Mariela Nuñez Ávila,2012,Mariela Nuñez Ávila,2012,Mariela Nuñez Ávila,2012,Fernanda Montero-Silva,6/3/2024
A17,2014,Mariela Nuñez Ávila,2012,Mariela Nuñez Ávila,2012,Mariela Nuñez Ávila,2012,Fernanda Montero-Silva,6/3/2024
A18,2014,Mariela Nuñez Ávila,2012,Mariela Nuñez Ávila,2012,Mariela Nuñez Ávila,2012,Fernanda Montero-Silva,6/3/2024
A19,2014,Mariela Nuñez Ávila,2012,Mariela Nuñez Ávila,2012,Mariela Nuñez Ávila,2012,Fernanda Montero-Silva,6/3/2024
A20,2014,Mariela Nuñez Ávila,2012,Mariela Nuñez Ávila,2012,Mariela Nuñez Ávila,2012,Fernanda Montero-Silva,6/3/2024
B01,2014,Mariela Nuñez Ávila,2014,Mariela Nuñez Ávila,2014,Mariela Nuñez Ávila,2014,Fernanda Montero-Silva,6/3/2024
B02,2014,Mariela Nuñez Ávila,2014,Mariela Nuñez Ávila,2014,Mariela Nuñez Ávila,2014,Fernanda Montero-Silva,6/3/2024
B03,2014,Mariela Nuñez Ávila,2014,Mariela Nuñez Ávila,2014,Mariela Nuñez Ávila,2014,Fernanda Montero-Silva,6/3/2024
B04,2014,Mariela Nuñez Ávila,2014,Mariela Nuñez Ávila,2014,Mariela Nuñez Ávila,2014,Fernanda Montero-Silva,6/3/2024
B05,2014,Mariela Nuñez Ávila,2014,Mariela Nuñez Ávila,2014,Mariela Nuñez Ávila,2014,Fernanda Montero-Silva,6/3/2024
B06,2014,Mariela Nuñez Ávila,2014,Mariela Nuñez Ávila,2014,Mariela Nuñez Ávila,2014,Fernanda Montero-Silva,6/3/2024
B07,2014,Mariela Nuñez Ávila,2013,Mariela Nuñez Ávila,2013,Mariela Nuñez Ávila,2013,Fernanda Montero-Silva,6/3/2024
B08,2014,Mariela Nuñez Ávila,2013,Mariela Nuñez Ávila,2013,Mariela Nuñez Ávila,2013,Fernanda Montero-Silva,6/3/2024
B09,2014,Mariela Nuñez Ávila,2013,Mariela Nuñez Ávila,2013,Mariela Nuñez Ávila,2013,Fernanda Montero-Silva,6/3/2024
B10,2014,Mariela Nuñez Ávila,2013,Mariela Nuñez Ávila,2013,Mariela Nuñez Ávila,2013,Fernanda Montero-Silva,6/3/2024
B11,2014,Mariela Nuñez Ávila,2012,Mariela Nuñez Ávila,2012,Mariela Nuñez Ávila,2012,Fernanda Montero-Silva,6/3/2024
B12,2014,Mariela Nuñez Ávila,2012,Mariela Nuñez Ávila,2012,Mariela Nuñez Ávila,2012,Fernanda Montero-Silva,6/3/2024
B13,2014,Mariela Nuñez Ávila,2012,Mariela Nuñez Ávila,2012,Mariela Nuñez Ávila,2012,Fernanda Montero-Silva,6/3/2024
B14,2014,Mariela Nuñez Ávila,2012,Mariela Nuñez Ávila,2012,Mariela Nuñez Ávila,2012,Fernanda Montero-Silva,6/3/2024
B15,2014,Mariela Nuñez Ávila,2012,Mariela Nuñez Ávila,2012,Mariela Nuñez Ávila,2012,Fernanda Montero-Silva,6/3/2024
B16,2014,Mariela Nuñez Ávila,2012,Mariela Nuñez Ávila,2012,Mariela Nuñez Ávila,2012,Fernanda Montero-Silva,6/3/2024
B17,2014,Mariela Nuñez Ávila,2012,Mariela Nuñez Ávila,2012,Mariela Nuñez Ávila,2012,Fernanda Montero-Silva,6/3/2024
B18,2014,Mariela Nuñez Ávila,2011,Mariela Nuñez Ávila,2011,Mariela Nuñez Ávila,2011,Fernanda Montero-Silva,6/3/2024
B19,2014,Mariela Nuñez Ávila,2011,Mariela Nuñez Ávila,2011,Mariela Nuñez Ávila,2011,Fernanda Montero-Silva,6/3/2024
B20,2014,Mariela Nuñez Ávila,2012,Mariela Nuñez Ávila,2012,Mariela Nuñez Ávila,2012,Fernanda Montero-Silva,6/3/2024
C01,2014,Mariela Nuñez Ávila,2014,Mariela Nuñez Ávila,2014,Mariela Nuñez Ávila,2014,Fernanda Montero-Silva,6/3/2024
C02,2014,Mariela Nuñez Ávila,2014,Mariela Nuñez Ávila,2014,Mariela Nuñez Ávila,2014,Fernanda Montero-Silva,6/3/2024
C03,2014,Mariela Nuñez Ávila,2014,Mariela Nuñez Ávila,2014,Mariela Nuñez Ávila,2014,Fernanda Montero-Silva,6/3/2024
C04,2014,Mariela Nuñez Ávila,2014,Mariela Nuñez Ávila,2014,Mariela Nuñez Ávila,2014,Fernanda Montero-Silva,6/3/2024
C05,2014,Mariela Nuñez Ávila,2014,Mariela Nuñez Ávila,2014,Mariela Nuñez Ávila,2014,Fernanda Montero-Silva,6/3/2024
C06,2014,Mariela Nuñez Ávila,2014,Mariela Nuñez Ávila,2014,Mariela Nuñez Ávila,2014,Fernanda Montero-Silva,6/3/2024
C07,2014,Mariela Nuñez Ávila,2013,Mariela Nuñez Ávila,2013,Mariela Nuñez Ávila,2013,Fernanda Montero-Silva,6/3/2024
C08,2014,Mariela Nuñez Ávila,2013,Mariela Nuñez Ávila,2013,Mariela Nuñez Ávila,2013,Fernanda Montero-Silva,6/3/2024
C09,2014,Mariela Nuñez Ávila,2013,Mariela Nuñez Ávila,2013,Mariela Nuñez Ávila,2013,Fernanda Montero-Silva,6/3/2024
C10,2014,Mariela Nuñez Ávila,2013,Mariela Nuñez Ávila,2013,Mariela Nuñez Ávila,2013,Fernanda Montero-Silva,6/3/2024
C11,2014,Mariela Nuñez Ávila,2012,Mariela Nuñez Ávila,2012,Mariela Nuñez Ávila,2012,Fernanda Montero-Silva,6/3/2024
C12,2014,Mariela Nuñez Ávila,2012,Mariela Nuñez Ávila,2012,Mariela Nuñez Ávila,2012,Fernanda Montero-Silva,6/3/2024
C13,2014,Mariela Nuñez Ávila,2012,Mariela Nuñez Ávila,2012,Mariela Nuñez Ávila,2012,Fernanda Montero-Silva,6/3/2024
C14,2014,Mariela Nuñez Ávila,2012,Mariela Nuñez Ávila,2012,Mariela Nuñez Ávila,2012,Fernanda Montero-Silva,6/3/2024
C15,2014,Mariela Nuñez Ávila,2012,Mariela Nuñez Ávila,2012,Mariela Nuñez Ávila,2012,Fernanda Montero-Silva,6/3/2024
C16,2014,Mariela Nuñez Ávila,2012,Mariela Nuñez Ávila,2012,Mariela Nuñez Ávila,2012,Fernanda Montero-Silva,6/3/2024
C17,2014,Mariela Nuñez Ávila,2012,Mariela Nuñez Ávila,2012,Mariela Nuñez Ávila,2012,Fernanda Montero-Silva,6/3/2024
C18,2014,Mariela Nuñez Ávila,2011,Mariela Nuñez Ávila,2011,Mariela Nuñez Ávila,2011,Fernanda Montero-Silva,6/3/2024
C19,2014,Mariela Nuñez Ávila,2011,Mariela Nuñez Ávila,2011,Mariela Nuñez Ávila,2011,Fernanda Montero-Silva,6/3/2024
C20,2014,Mariela Nuñez Ávila,2011,Mariela Nuñez Ávila,2011,Mariela Nuñez Ávila,2011,Fernanda Montero-Silva,6/3/2024
D01,2014,Mariela Nuñez Ávila,2014,Mariela Nuñez Ávila,2014,Mariela Nuñez Ávila,2014,Fernanda Montero-Silva,6/3/2024
D02,2014,Mariela Nuñez Ávila,2014,Mariela Nuñez Ávila,2014,Mariela Nuñez Ávila,2014,Fernanda Montero-Silva,6/3/2024
D03,2014,Mariela Nuñez Ávila,2014,Mariela Nuñez Ávila,2014,Mariela Nuñez Ávila,2014,Fernanda Montero-Silva,6/3/2024
D04,2014,Mariela Nuñez Ávila,2014,Mariela Nuñez Ávila,2014,Mariela Nuñez Ávila,2014,Fernanda Montero-Silva,6/3/2024
D05,2014,Mariela Nuñez Ávila,2014,Mariela Nuñez Ávila,2014,Mariela Nuñez Ávila,2014,Fernanda Montero-Silva,6/3/2024
D06,2014,Mariela Nuñez Ávila,2014,Mariela Nuñez Ávila,2014,Mariela Nuñez Ávila,2014,Fernanda Montero-Silva,6/3/2024
D07,2014,Mariela Nuñez Ávila,2013,Mariela Nuñez Ávila,2013,Mariela Nuñez Ávila,2013,Fernanda Montero-Silva,6/3/2024
D08,2014,Mariela Nuñez Ávila,2013,Mariela Nuñez Ávila,2013,Mariela Nuñez Ávila,2013,Fernanda Montero-Silva,6/3/2024
D09,2014,Mariela Nuñez Ávila,2013,Mariela Nuñez Ávila,2013,Mariela Nuñez Ávila,2013,Fernanda Montero-Silva,6/3/2024
D10,2014,Mariela Nuñez Ávila,2013,Mariela Nuñez Ávila,2013,Mariela Nuñez Ávila,2013,Fernanda Montero-Silva,6/3/2024
D11,2014,Mariela Nuñez Ávila,2012,Mariela Nuñez Ávila,2012,Mariela Nuñez Ávila,2012,Fernanda Montero-Silva,6/3/2024
D12,2014,Mariela Nuñez Ávila,2012,Mariela Nuñez Ávila,2012,Mariela Nuñez Ávila,2012,Fernanda Montero-Silva,6/3/2024
D13,2014,Mariela Nuñez Ávila,2012,Mariela Nuñez Ávila,2012,Mariela Nuñez Ávila,2012,Fernanda Montero-Silva,6/3/2024
D14,2014,Mariela Nuñez Ávila,2012,Mariela Nuñez Ávila,2012,Mariela Nuñez Ávila,2012,Fernanda Montero-Silva,6/3/2024
D15,2014,Mariela Nuñez Ávila,2012,Mariela Nuñez Ávila,2012,Mariela Nuñez Ávila,2012,Fernanda Montero-Silva,6/3/2024
D16,2014,Mariela Nuñez Ávila,2012,Mariela Nuñez Ávila,2012,Mariela Nuñez Ávila,2012,Fernanda Montero-Silva,6/3/2024
D17,2014,Mariela Nuñez Ávila,2012,Mariela Nuñez Ávila,2012,Mariela Nuñez Ávila,2012,Fernanda Montero-Silva,6/3/2024
D18,2014,Mariela Nuñez Ávila,2011,Mariela Nuñez Ávila,2011,Mariela Nuñez Ávila,2011,Fernanda Montero-Silva,6/3/2024
D19,2014,Mariela Nuñez Ávila,2011,Mariela Nuñez Ávila,2011,Mariela Nuñez Ávila,2011,Fernanda Montero-Silva,6/3/2024
D20,2014,Mariela Nuñez Ávila,2011,Mariela Nuñez Ávila,2011,Mariela Nuñez Ávila,2011,Fernanda Montero-Silva,6/3/2024
E01,2014,Mariela Nuñez Ávila,2014,Mariela Nuñez Ávila,2014,Mariela Nuñez Ávila,2014,Fernanda Montero-Silva,6/3/2024
E02,2014,Mariela Nuñez Ávila,2014,Mariela Nuñez Ávila,2014,Mariela Nuñez Ávila,2014,Fernanda Montero-Silva,6/3/2024
E03,2014,Mariela Nuñez Ávila,2014,Mariela Nuñez Ávila,2014,Mariela Nuñez Ávila,2014,Fernanda Montero-Silva,6/3/2024
E04,2014,Mariela Nuñez Ávila,2014,Mariela Nuñez Ávila,2014,Mariela Nuñez Ávila,2014,Fernanda Montero-Silva,6/3/2024
E05,2014,Mariela Nuñez Ávila,2014,Mariela Nuñez Ávila,2014,Mariela Nuñez Ávila,2014,Fernanda Montero-Silva,6/3/2024
E06,2014,Mariela Nuñez Ávila,2014,Mariela Nuñez Ávila,2014,Mariela Nuñez Ávila,2014,Fernanda Montero-Silva,6/3/2024
E07,2014,Mariela Nuñez Ávila,2013,Mariela Nuñez Ávila,2013,Mariela Nuñez Ávila,2013,Fernanda Montero-Silva,6/3/2024
E08,2014,Mariela Nuñez Ávila,2013,Mariela Nuñez Ávila,2013,Mariela Nuñez Ávila,2013,Fernanda Montero-Silva,6/3/2024
E09,2014,Mariela Nuñez Ávila,2013,Mariela Nuñez Ávila,2013,Mariela Nuñez Ávila,2013,Fernanda Montero-Silva,6/3/2024
E10,2014,Mariela Nuñez Ávila,2013,Mariela Nuñez Ávila,2013,Mariela Nuñez Ávila,2013,Fernanda Montero-Silva,6/3/2024
E11,2014,Mariela Nuñez Ávila,2012,Mariela Nuñez Ávila,2012,Mariela Nuñez Ávila,2012,Fernanda Montero-Silva,6/3/2024
E12,2014,Mariela Nuñez Ávila,2012,Mariela Nuñez Ávila,2012,Mariela Nuñez Ávila,2012,Fernanda Montero-Silva,6/3/2024
E13,2014,Mariela Nuñez Ávila,2012,Mariela Nuñez Ávila,2012,Mariela Nuñez Ávila,2012,Fernanda Montero-Silva,6/3/2024
E14,2014,Mariela Nuñez Ávila,2012,Mariela Nuñez Ávila,2012,Mariela Nuñez Ávila,2012,Fernanda Montero-Silva,6/3/2024
E15,2014,Mariela Nuñez Ávila,2012,Mariela Nuñez Ávila,2012,Mariela Nuñez Ávila,2012,Fernanda Montero-Silva,6/3/2024
E16,2014,Mariela Nuñez Ávila,2012,Mariela Nuñez Ávila,2012,Mariela Nuñez Ávila,2012,Fernanda Montero-Silva,6/3/2024
E17,2014,Mariela Nuñez Ávila,2014,Mariela Nuñez Ávila,2014,Mariela Nuñez Ávila,2014,Fernanda Montero-Silva,6/3/2024
E18,2014,Mariela Nuñez Ávila,2011,Mariela Nuñez Ávila,2011,Mariela Nuñez Ávila,2011,Fernanda Montero-Silva,6/3/2024
E19,2014,Mariela Nuñez Ávila,2011,Mariela Nuñez Ávila,2011,Mariela Nuñez Ávila,2011,Fernanda Montero-Silva,6/3/2024
E20,2014,Mariela Nuñez Ávila,2012,Mariela Nuñez Ávila,2012,Mariela Nuñez Ávila,2012,Fernanda Montero-Silva,6/3/2024
F01,2014,Mariela Nuñez Ávila,2014,Mariela Nuñez Ávila,2014,Mariela Nuñez Ávila,2014,Fernanda Montero-Silva,6/3/2024
F02,2014,Mariela Nuñez Ávila,2014,Mariela Nuñez Ávila,2014,Mariela Nuñez Ávila,2014,Fernanda Montero-Silva,6/3/2024
F03,2014,Mariela Nuñez Ávila,2014,Mariela Nuñez Ávila,2014,Mariela Nuñez Ávila,2014,Fernanda Montero-Silva,6/3/2024
F04,2014,Mariela Nuñez Ávila,2014,Mariela Nuñez Ávila,2014,Mariela Nuñez Ávila,2014,Fernanda Montero-Silva,6/3/2024
F05,2014,Mariela Nuñez Ávila,2014,Mariela Nuñez Ávila,2014,Mariela Nuñez Ávila,2014,Fernanda Montero-Silva,6/3/2024
F06,2014,Mariela Nuñez Ávila,2014,Mariela Nuñez Ávila,2014,Mariela Nuñez Ávila,2014,Fernanda Montero-Silva,6/3/2024
F07,2014,Mariela Nuñez Ávila,2013,Mariela Nuñez Ávila,2013,Mariela Nuñez Ávila,2013,Fernanda Montero-Silva,6/3/2024
F08,2014,Mariela Nuñez Ávila,2013,Mariela Nuñez Ávila,2013,Mariela Nuñez Ávila,2013,Fernanda Montero-Silva,6/3/2024
F09,2014,Mariela Nuñez Ávila,2013,Mariela Nuñez Ávila,2013,Mariela Nuñez Ávila,2013,Fernanda Montero-Silva,6/3/2024
F10,2014,Mariela Nuñez Ávila,2013,Mariela Nuñez Ávila,2013,Mariela Nuñez Ávila,2013,Fernanda Montero-Silva,6/3/2024
F11,2014,Mariela Nuñez Ávila,2012,Mariela Nuñez Ávila,2012,Mariela Nuñez Ávila,2012,Fernanda Montero-Silva,6/3/2024
F12,2014,Mariela Nuñez Ávila,2012,Mariela Nuñez Ávila,2012,Mariela Nuñez Ávila,2012,Fernanda Montero-Silva,6/3/2024
F13,2014,Mariela Nuñez Ávila,2012,Mariela Nuñez Ávila,2012,Mariela Nuñez Ávila,2012,Fernanda Montero-Silva,6/3/2024
F14,2014,Mariela Nuñez Ávila,2011,Mariela Nuñez Ávila,2011,Mariela Nuñez Ávila,2011,Fernanda Montero-Silva,6/3/2024
F15,2014,Mariela Nuñez Ávila,2012,Mariela Nuñez Ávila,2012,Mariela Nuñez Ávila,2012,Fernanda Montero-Silva,6/3/2024
F16,2014,Mariela Nuñez Ávila,2012,Mariela Nuñez Ávila,2012,Mariela Nuñez Ávila,2012,Fernanda Montero-Silva,6/3/2024
F17,2014,Mariela Nuñez Ávila,2014,Mariela Nuñez Ávila,2014,Mariela Nuñez Ávila,2014,Fernanda Montero-Silva,6/3/2024
F18,2014,Mariela Nuñez Ávila,2011,Mariela Nuñez Ávila,2011,Mariela Nuñez Ávila,2011,Fernanda Montero-Silva,6/3/2024
F19,2014,Mariela Nuñez Ávila,2012,Mariela Nuñez Ávila,2012,Mariela Nuñez Ávila,2012,Fernanda Montero-Silva,6/3/2024
F20,2014,Mariela Nuñez Ávila,2012,Mariela Nuñez Ávila,2012,Mariela Nuñez Ávila,2012,Fernanda Montero-Silva,6/3/2024
G01,2014,Mariela Nuñez Ávila,2014,Mariela Nuñez Ávila,2014,Mariela Nuñez Ávila,2014,Fernanda Montero-Silva,6/3/2024
G02,2014,Mariela Nuñez Ávila,2014,Mariela Nuñez Ávila,2014,Mariela Nuñez Ávila,2014,Fernanda Montero-Silva,6/3/2024
G03,2014,Mariela Nuñez Ávila,2014,Mariela Nuñez Ávila,2014,Mariela Nuñez Ávila,2014,Fernanda Montero-Silva,6/3/2024
G04,2014,Mariela Nuñez Ávila,2014,Mariela Nuñez Ávila,2014,Mariela Nuñez Ávila,2014,Fernanda Montero-Silva,6/3/2024
G05,2014,Mariela Nuñez Ávila,2014,Mariela Nuñez Ávila,2014,Mariela Nuñez Ávila,2014,Fernanda Montero-Silva,6/3/2024
G06,2014,Mariela Nuñez Ávila,2014,Mariela Nuñez Ávila,2014,Mariela Nuñez Ávila,2014,Fernanda Montero-Silva,6/3/2024
G07,2014,Mariela Nuñez Ávila,2013,Mariela Nuñez Ávila,2013,Mariela Nuñez Ávila,2013,Fernanda Montero-Silva,6/3/2024
G08,2014,Mariela Nuñez Ávila,2013,Mariela Nuñez Ávila,2013,Mariela Nuñez Ávila,2013,Fernanda Montero-Silva,6/3/2024
G09,2014,Mariela Nuñez Ávila,2013,Mariela Nuñez Ávila,2013,Mariela Nuñez Ávila,2013,Fernanda Montero-Silva,6/3/2024
G10,2014,Mariela Nuñez Ávila,2013,Mariela Nuñez Ávila,2013,Mariela Nuñez Ávila,2013,Fernanda Montero-Silva,6/3/2024
G11,2014,Mariela Nuñez Ávila,2012,Mariela Nuñez Ávila,2012,Mariela Nuñez Ávila,2012,Fernanda Montero-Silva,6/3/2024
G12,2014,Mariela Nuñez Ávila,2012,Mariela Nuñez Ávila,2012,Mariela Nuñez Ávila,2012,Fernanda Montero-Silva,6/3/2024
G13,2014,Mariela Nuñez Ávila,2012,Mariela Nuñez Ávila,2012,Mariela Nuñez Ávila,2012,Fernanda Montero-Silva,6/3/2024
G14,2014,Mariela Nuñez Ávila,2011,Mariela Nuñez Ávila,2011,Mariela Nuñez Ávila,2011,Fernanda Montero-Silva,6/3/2024
G15,2014,Mariela Nuñez Ávila,2012,Mariela Nuñez Ávila,2012,Mariela Nuñez Ávila,2012,Fernanda Montero-Silva,6/3/2024
G16,2014,Mariela Nuñez Ávila,2012,Mariela Nuñez Ávila,2012,Mariela Nuñez Ávila,2012,Fernanda Montero-Silva,6/3/2024
G17,2014,Mariela Nuñez Ávila,2012,Mariela Nuñez Ávila,2012,Mariela Nuñez Ávila,2012,Fernanda Montero-Silva,6/3/2024
G18,2014,Mariela Nuñez Ávila,2011,Mariela Nuñez Ávila,2011,Mariela Nuñez Ávila,2011,Fernanda Montero-Silva,6/3/2024
G19,2014,Mariela Nuñez Ávila,2012,Mariela Nuñez Ávila,2012,Mariela Nuñez Ávila,2012,Fernanda Montero-Silva,6/3/2024
G20,2014,Mariela Nuñez Ávila,2012,Mariela Nuñez Ávila,2012,Mariela Nuñez Ávila,2012,Fernanda Montero-Silva,6/3/2024
H01,2014,Mariela Nuñez Ávila,2014,Mariela Nuñez Ávila,2014,Mariela Nuñez Ávila,2014,Fernanda Montero-Silva,6/3/2024
H02,2014,Mariela Nuñez Ávila,2014,Mariela Nuñez Ávila,2014,Mariela Nuñez Ávila,2014,Fernanda Montero-Silva,6/3/2024
H03,2014,Mariela Nuñez Ávila,2014,Mariela Nuñez Ávila,2014,Mariela Nuñez Ávila,2014,Fernanda Montero-Silva,6/3/2024
H04,2014,Mariela Nuñez Ávila,2014,Mariela Nuñez Ávila,2014,Mariela Nuñez Ávila,2014,Fernanda Montero-Silva,6/3/2024
H05,2014,Mariela Nuñez Ávila,2014,Mariela Nuñez Ávila,2014,Mariela Nuñez Ávila,2014,Fernanda Montero-Silva,6/3/2024
H06,2014,Mariela Nuñez Ávila,2014,Mariela Nuñez Ávila,2014,Mariela Nuñez Ávila,2014,Fernanda Montero-Silva,6/3/2024
H07,2014,Mariela Nuñez Ávila,2013,Mariela Nuñez Ávila,2013,Mariela Nuñez Ávila,2013,Fernanda Montero-Silva,6/3/2024
H08,2014,Mariela Nuñez Ávila,2013,Mariela Nuñez Ávila,2013,Mariela Nuñez Ávila,2013,Fernanda Montero-Silva,6/3/2024
H09,2014,Mariela Nuñez Ávila,2013,Mariela Nuñez Ávila,2013,Mariela Nuñez Ávila,2013,Fernanda Montero-Silva,6/3/2024
H10,2014,Mariela Nuñez Ávila,2013,Mariela Nuñez Ávila,2013,Mariela Nuñez Ávila,2013,Fernanda Montero-Silva,6/3/2024
H11,2014,Mariela Nuñez Ávila,2014,Mariela Nuñez Ávila,2014,Mariela Nuñez Ávila,2014,Fernanda Montero-Silva,6/3/2024
H12,2014,Mariela Nuñez Ávila,2012,Mariela Nuñez Ávila,2012,Mariela Nuñez Ávila,2012,Fernanda Montero-Silva,6/3/2024
H13,2014,Mariela Nuñez Ávila,2012,Mariela Nuñez Ávila,2012,Mariela Nuñez Ávila,2012,Fernanda Montero-Silva,6/3/2024
H14,2014,Mariela Nuñez Ávila,2011,Mariela Nuñez Ávila,2011,Mariela Nuñez Ávila,2011,Fernanda Montero-Silva,6/3/2024
H15,2014,Mariela Nuñez Ávila,2012,Mariela Nuñez Ávila,2012,Mariela Nuñez Ávila,2012,Fernanda Montero-Silva,6/3/2024
H16,2014,Mariela Nuñez Ávila,2012,Mariela Nuñez Ávila,2012,Mariela Nuñez Ávila,2012,Fernanda Montero-Silva,6/3/2024
H17,2014,Mariela Nuñez Ávila,2012,Mariela Nuñez Ávila,2012,Mariela Nuñez Ávila,2012,Fernanda Montero-Silva,6/3/2024
H18,2014,Mariela Nuñez Ávila,2012,Mariela Nuñez Ávila,2012,Mariela Nuñez Ávila,2012,Fernanda Montero-Silva,6/3/2024
H19,2014,Mariela Nuñez Ávila,2012,Mariela Nuñez Ávila,2012,Mariela Nuñez Ávila,2012,Fernanda Montero-Silva,6/3/2024
H20,2014,Mariela Nuñez Ávila,2012,Mariela Nuñez Ávila,2012,Mariela Nuñez Ávila,2012,Fernanda Montero-Silva,6/3/2024
I01,2014,Mariela Nuñez Ávila,2014,Mariela Nuñez Ávila,2014,Mariela Nuñez Ávila,2014,Fernanda Montero-Silva,6/3/2024
I02,2014,Mariela Nuñez Ávila,2014,Mariela Nuñez Ávila,2014,Mariela Nuñez Ávila,2014,Fernanda Montero-Silva,6/3/2024
I03,2014,Mariela Nuñez Ávila,2014,Mariela Nuñez Ávila,2014,Mariela Nuñez Ávila,2014,Fernanda Montero-Silva,6/3/2024
I04,2014,Mariela Nuñez Ávila,2014,Mariela Nuñez Ávila,2014,Mariela Nuñez Ávila,2014,Fernanda Montero-Silva,6/3/2024
I05,2014,Mariela Nuñez Ávila,2014,Mariela Nuñez Ávila,2014,Mariela Nuñez Ávila,2014,Fernanda Montero-Silva,6/3/2024
I06,2014,Mariela Nuñez Ávila,2014,Mariela Nuñez Ávila,2014,Mariela Nuñez Ávila,2014,Fernanda Montero-Silva,6/3/2024
I07,2014,Mariela Nuñez Ávila,2013,Mariela Nuñez Ávila,2013,Mariela Nuñez Ávila,2013,Fernanda Montero-Silva,6/3/2024
I08,2014,Mariela Nuñez Ávila,2013,Mariela Nuñez Ávila,2013,Mariela Nuñez Ávila,2013,Fernanda Montero-Silva,6/3/2024
I09,2014,Mariela Nuñez Ávila,2013,Mariela Nuñez Ávila,2013,Mariela Nuñez Ávila,2013,Fernanda Montero-Silva,6/3/2024
I10,2014,Mariela Nuñez Ávila,2013,Mariela Nuñez Ávila,2013,Mariela Nuñez Ávila,2013,Fernanda Montero-Silva,6/3/2024
I11,2014,Mariela Nuñez Ávila,2012,Mariela Nuñez Ávila,2012,Mariela Nuñez Ávila,2012,Fernanda Montero-Silva,6/3/2024
I12,2014,Mariela Nuñez Ávila,2012,Mariela Nuñez Ávila,2012,Mariela Nuñez Ávila,2012,Fernanda Montero-Silva,6/3/2024
I13,2014,Mariela Nuñez Ávila,2012,Mariela Nuñez Ávila,2012,Mariela Nuñez Ávila,2012,Fernanda Montero-Silva,6/3/2024
I14,2014,Mariela Nuñez Ávila,2011,Mariela Nuñez Ávila,2011,Mariela Nuñez Ávila,2011,Fernanda Montero-Silva,6/3/2024
I15,2014,Mariela Nuñez Ávila,2012,Mariela Nuñez Ávila,2012,Mariela Nuñez Ávila,2012,Fernanda Montero-Silva,6/3/2024
I16,2014,Mariela Nuñez Ávila,2012,Mariela Nuñez Ávila,2012,Mariela Nuñez Ávila,2012,Fernanda Montero-Silva,6/3/2024
I17,2014,Mariela Nuñez Ávila,2012,Mariela Nuñez Ávila,2012,Mariela Nuñez Ávila,2012,Fernanda Montero-Silva,6/3/2024
I18,2014,Mariela Nuñez Ávila,2012,Mariela Nuñez Ávila,2012,Mariela Nuñez Ávila,2012,Fernanda Montero-Silva,6/3/2024
I19,2014,Mariela Nuñez Ávila,2012,Mariela Nuñez Ávila,2012,Mariela Nuñez Ávila,2012,Fernanda Montero-Silva,6/3/2024
I20,2014,Mariela Nuñez Ávila,2012,Mariela Nuñez Ávila,2012,Mariela Nuñez Ávila,2012,Fernanda Montero-Silva,6/3/2024
J01,2014,Mariela Nuñez Ávila,2014,Mariela Nuñez Ávila,2014,Mariela Nuñez Ávila,2014,Fernanda Montero-Silva,6/3/2024
J02,2014,Mariela Nuñez Ávila,2014,Mariela Nuñez Ávila,2014,Mariela Nuñez Ávila,2014,Fernanda Montero-Silva,6/3/2024
J03,2014,Mariela Nuñez Ávila,2014,Mariela Nuñez Ávila,2014,Mariela Nuñez Ávila,2014,Fernanda Montero-Silva,6/3/2024
J04,2014,Mariela Nuñez Ávila,2014,Mariela Nuñez Ávila,2014,Mariela Nuñez Ávila,2014,Fernanda Montero-Silva,6/3/2024
J05,2014,Mariela Nuñez Ávila,2014,Mariela Nuñez Ávila,2014,Mariela Nuñez Ávila,2014,Fernanda Montero-Silva,6/3/2024
J06,2014,Mariela Nuñez Ávila,2014,Mariela Nuñez Ávila,2014,Mariela Nuñez Ávila,2014,Fernanda Montero-Silva,6/3/2024
J07,2014,Mariela Nuñez Ávila,2013,Mariela Nuñez Ávila,2013,Mariela Nuñez Ávila,2013,Fernanda Montero-Silva,6/3/2024
J08,2014,Mariela Nuñez Ávila,2013,Mariela Nuñez Ávila,2013,Mariela Nuñez Ávila,2013,Fernanda Montero-Silva,6/3/2024
J09,2014,Mariela Nuñez Ávila,2013,Mariela Nuñez Ávila,2013,Mariela Nuñez Ávila,2013,Fernanda Montero-Silva,6/3/2024
J10,2014,Mariela Nuñez Ávila,2013,Mariela Nuñez Ávila,2013,Mariela Nuñez Ávila,2013,Fernanda Montero-Silva,6/3/2024
J11,2014,Mariela Nuñez Ávila,2012,Mariela Nuñez Ávila,2012,Mariela Nuñez Ávila,2012,Fernanda Montero-Silva,6/3/2024
J12,2014,Mariela Nuñez Ávila,2012,Mariela Nuñez Ávila,2012,Mariela Nuñez Ávila,2012,Fernanda Montero-Silva,6/3/2024
J13,2014,Mariela Nuñez Ávila,2012,Mariela Nuñez Ávila,2012,Mariela Nuñez Ávila,2012,Fernanda Montero-Silva,6/3/2024
J14,2014,Mariela Nuñez Ávila,2011,Mariela Nuñez Ávila,2011,Mariela Nuñez Ávila,2011,Fernanda Montero-Silva,6/3/2024
J15,2014,Mariela Nuñez Ávila,2012,Mariela Nuñez Ávila,2012,Mariela Nuñez Ávila,2012,Fernanda Montero-Silva,6/3/2024
J16,2014,Mariela Nuñez Ávila,2012,Mariela Nuñez Ávila,2012,Mariela Nuñez Ávila,2012,Fernanda Montero-Silva,6/3/2024
J17,2014,Mariela Nuñez Ávila,2012,Mariela Nuñez Ávila,2012,Mariela Nuñez Ávila,2012,Fernanda Montero-Silva,6/3/2024
J18,2014,Mariela Nuñez Ávila,2012,Mariela Nuñez Ávila,2012,Mariela Nuñez Ávila,2012,Fernanda Montero-Silva,6/3/2024
J19,2014,Mariela Nuñez Ávila,2012,Mariela Nuñez Ávila,2012,Mariela Nuñez Ávila,2012,Fernanda Montero-Silva,6/3/2024
J20,2014,Mariela Nuñez Ávila,2013,Mariela Nuñez Ávila,2013,Mariela Nuñez Ávila,2013,Fernanda Montero-Silva,6/3/2024
K01,2014,Mariela Nuñez Ávila,2014,Mariela Nuñez Ávila,2014,Mariela Nuñez Ávila,2014,Fernanda Montero-Silva,6/3/2024
K02,2014,Mariela Nuñez Ávila,2014,Mariela Nuñez Ávila,2014,Mariela Nuñez Ávila,2014,Fernanda Montero-Silva,6/3/2024
K03,2014,Mariela Nuñez Ávila,2014,Mariela Nuñez Ávila,2014,Mariela Nuñez Ávila,2014,Fernanda Montero-Silva,6/3/2024
K04,2014,Mariela Nuñez Ávila,2014,Mariela Nuñez Ávila,2014,Mariela Nuñez Ávila,2014,Fernanda Montero-Silva,6/3/2024
K05,2014,Mariela Nuñez Ávila,2014,Mariela Nuñez Ávila,2014,Mariela Nuñez Ávila,2014,Fernanda Montero-Silva,6/3/2024
K06,2014,Mariela Nuñez Ávila,2014,Mariela Nuñez Ávila,2014,Mariela Nuñez Ávila,2014,Fernanda Montero-Silva,6/3/2024
K07,2014,Mariela Nuñez Ávila,2013,Mariela Nuñez Ávila,2013,Mariela Nuñez Ávila,2013,Fernanda Montero-Silva,6/3/2024
K08,2014,Mariela Nuñez Ávila,2013,Mariela Nuñez Ávila,2013,Mariela Nuñez Ávila,2013,Fernanda Montero-Silva,6/3/2024
K09,2014,Mariela Nuñez Ávila,2013,Mariela Nuñez Ávila,2013,Mariela Nuñez Ávila,2013,Fernanda Montero-Silva,6/3/2024
K10,2014,Mariela Nuñez Ávila,2013,Mariela Nuñez Ávila,2013,Mariela Nuñez Ávila,2013,Fernanda Montero-Silva,6/3/2024
K11,2014,Mariela Nuñez Ávila,2013,Mariela Nuñez Ávila,2013,Mariela Nuñez Ávila,2013,Fernanda Montero-Silva,6/3/2024
K12,2014,Mariela Nuñez Ávila,2013,Mariela Nuñez Ávila,2013,Mariela Nuñez Ávila,2013,Fernanda Montero-Silva,6/3/2024
K13,2014,Mariela Nuñez Ávila,2013,Mariela Nuñez Ávila,2013,Mariela Nuñez Ávila,2013,Fernanda Montero-Silva,6/3/2024
K14,2014,Mariela Nuñez Ávila,2013,Mariela Nuñez Ávila,2013,Mariela Nuñez Ávila,2013,Fernanda Montero-Silva,6/3/2024
K15,2014,Mariela Nuñez Ávila,2013,Mariela Nuñez Ávila,2013,Mariela Nuñez Ávila,2013,Fernanda Montero-Silva,6/3/2024
K16,2014,Mariela Nuñez Ávila,2013,Mariela Nuñez Ávila,2013,Mariela Nuñez Ávila,2013,Fernanda Montero-Silva,6/3/2024
K17,2014,Mariela Nuñez Ávila,2013,Mariela Nuñez Ávila,2013,Mariela Nuñez Ávila,2013,Fernanda Montero-Silva,6/3/2024
K18,2014,Mariela Nuñez Ávila,2013,Mariela Nuñez Ávila,2013,Mariela Nuñez Ávila,2013,Fernanda Montero-Silva,6/3/2024
K19,2014,Mariela Nuñez Ávila,2013,Mariela Nuñez Ávila,2013,Mariela Nuñez Ávila,2013,Fernanda Montero-Silva,6/3/2024
K20,2014,Mariela Nuñez Ávila,2013,Mariela Nuñez Ávila,2013,Mariela Nuñez Ávila,2013,Fernanda Montero-Silva,6/3/2024
L01,2014,Mariela Nuñez Ávila,2014,Mariela Nuñez Ávila,2014,Mariela Nuñez Ávila,2014,Fernanda Montero-Silva,6/3/2024
L02,2014,Mariela Nuñez Ávila,2014,Mariela Nuñez Ávila,2014,Mariela Nuñez Ávila,2014,Fernanda Montero-Silva,6/3/2024
L03,2014,Mariela Nuñez Ávila,2014,Mariela Nuñez Ávila,2014,Mariela Nuñez Ávila,2014,Fernanda Montero-Silva,6/3/2024
L04,2014,Mariela Nuñez Ávila,2014,Mariela Nuñez Ávila,2014,Mariela Nuñez Ávila,2014,Fernanda Montero-Silva,6/3/2024
L05,2014,Mariela Nuñez Ávila,2014,Mariela Nuñez Ávila,2014,Mariela Nuñez Ávila,2014,Fernanda Montero-Silva,6/3/2024
L06,2014,Mariela Nuñez Ávila,2014,Mariela Nuñez Ávila,2014,Mariela Nuñez Ávila,2014,Fernanda Montero-Silva,6/3/2024
L07,2014,Mariela Nuñez Ávila,2013,Mariela Nuñez Ávila,2013,Mariela Nuñez Ávila,2013,Fernanda Montero-Silva,6/3/2024
L08,2014,Mariela Nuñez Ávila,2013,Mariela Nuñez Ávila,2013,Mariela Nuñez Ávila,2013,Fernanda Montero-Silva,6/3/2024
L09,2014,Mariela Nuñez Ávila,2013,Mariela Nuñez Ávila,2013,Mariela Nuñez Ávila,2013,Fernanda Montero-Silva,6/3/2024
L10,2014,Mariela Nuñez Ávila,2013,Mariela Nuñez Ávila,2013,Mariela Nuñez Ávila,2013,Fernanda Montero-Silva,6/3/2024
L11,2014,Mariela Nuñez Ávila,2013,Mariela Nuñez Ávila,2013,Mariela Nuñez Ávila,2013,Fernanda Montero-Silva,6/3/2024
L12,2014,Mariela Nuñez Ávila,2013,Mariela Nuñez Ávila,2013,Mariela Nuñez Ávila,2013,Fernanda Montero-Silva,6/3/2024
L13,2014,Mariela Nuñez Ávila,2013,Mariela Nuñez Ávila,2013,Mariela Nuñez Ávila,2013,Fernanda Montero-Silva,6/3/2024
L14,2014,Mariela Nuñez Ávila,2013,Mariela Nuñez Ávila,2013,Mariela Nuñez Ávila,2013,Fernanda Montero-Silva,6/3/2024
L15,2014,Mariela Nuñez Ávila,2013,Mariela Nuñez Ávila,2013,Mariela Nuñez Ávila,2013,Fernanda Montero-Silva,6/3/2024
L16,2014,Mariela Nuñez Ávila,2013,Mariela Nuñez Ávila,2013,Mariela Nuñez Ávila,2013,Fernanda Montero-Silva,6/3/2024
L17,2014,Mariela Nuñez Ávila,2013,Mariela Nuñez Ávila,2013,Mariela Nuñez Ávila,2013,Fernanda Montero-Silva,6/3/2024
L18,2014,Mariela Nuñez Ávila,2013,Mariela Nuñez Ávila,2013,Mariela Nuñez Ávila,2013,Fernanda Montero-Silva,6/3/2024
L19,2014,Mariela Nuñez Ávila,2013,Mariela Nuñez Ávila,2013,Mariela Nuñez Ávila,2013,Fernanda Montero-Silva,6/3/2024
L20,2014,Mariela Nuñez Ávila,2013,Mariela Nuñez Ávila,2013,Mariela Nuñez Ávila,2013,Fernanda Montero-Silva,6/3/2024
M01,2014,Mariela Nuñez Ávila,2014,Mariela Nuñez Ávila,2014,Mariela Nuñez Ávila,2014,Fernanda Montero-Silva,6/3/2024
M02,2014,Mariela Nuñez Ávila,2014,Mariela Nuñez Ávila,2014,Mariela Nuñez Ávila,2014,Fernanda Montero-Silva,6/3/2024
M03,2014,Mariela Nuñez Ávila,2014,Mariela Nuñez Ávila,2014,Mariela Nuñez Ávila,2014,Fernanda Montero-Silva,6/3/2024
M04,2014,Mariela Nuñez Ávila,2014,Mariela Nuñez Ávila,2014,Mariela Nuñez Ávila,2014,Fernanda Montero-Silva,6/3/2024
M05,2014,Mariela Nuñez Ávila,2014,Mariela Nuñez Ávila,2014,Mariela Nuñez Ávila,2014,Fernanda Montero-Silva,6/3/2024
M06,2014,Mariela Nuñez Ávila,2014,Mariela Nuñez Ávila,2014,Mariela Nuñez Ávila,2014,Fernanda Montero-Silva,6/3/2024
M07,2014,Mariela Nuñez Ávila,2013,Mariela Nuñez Ávila,2013,Mariela Nuñez Ávila,2013,Fernanda Montero-Silva,6/3/2024
M08,2014,Mariela Nuñez Ávila,2013,Mariela Nuñez Ávila,2013,Mariela Nuñez Ávila,2013,Fernanda Montero-Silva,6/3/2024
M09,2014,Mariela Nuñez Ávila,2013,Mariela Nuñez Ávila,2013,Mariela Nuñez Ávila,2013,Fernanda Montero-Silva,6/3/2024
M10,2014,Mariela Nuñez Ávila,2013,Mariela Nuñez Ávila,2013,Mariela Nuñez Ávila,2013,Fernanda Montero-Silva,6/3/2024
M11,2014,Mariela Nuñez Ávila,2013,Mariela Nuñez Ávila,2013,Mariela Nuñez Ávila,2013,Fernanda Montero-Silva,6/3/2024
M12,2014,Mariela Nuñez Ávila,2013,Mariela Nuñez Ávila,2013,Mariela Nuñez Ávila,2013,Fernanda Montero-Silva,6/3/2024
M13,2014,Mariela Nuñez Ávila,2013,Mariela Nuñez Ávila,2013,Mariela Nuñez Ávila,2013,Fernanda Montero-Silva,6/3/2024
M14,2014,Mariela Nuñez Ávila,2013,Mariela Nuñez Ávila,2013,Mariela Nuñez Ávila,2013,Fernanda Montero-Silva,6/3/2024
M15,2014,Mariela Nuñez Ávila,2013,Mariela Nuñez Ávila,2013,Mariela Nuñez Ávila,2013,Fernanda Montero-Silva,6/3/2024
M16,2014,Mariela Nuñez Ávila,2013,Mariela Nuñez Ávila,2013,Mariela Nuñez Ávila,2013,Fernanda Montero-Silva,6/3/2024
M17,2014,Mariela Nuñez Ávila,2013,Mariela Nuñez Ávila,2013,Mariela Nuñez Ávila,2013,Fernanda Montero-Silva,6/3/2024
M18,2014,Mariela Nuñez Ávila,2013,Mariela Nuñez Ávila,2013,Mariela Nuñez Ávila,2013,Fernanda Montero-Silva,6/3/2024
M19,2014,Mariela Nuñez Ávila,2013,Mariela Nuñez Ávila,2013,Mariela Nuñez Ávila,2013,Fernanda Montero-Silva,6/3/2024
M20,2014,Mariela Nuñez Ávila,2013,Mariela Nuñez Ávila,2013,Mariela Nuñez Ávila,2013,Fernanda Montero-Silva,6/3/2024
N01,2014,Mariela Nuñez Ávila,2014,Mariela Nuñez Ávila,2014,Mariela Nuñez Ávila,2014,Fernanda Montero-Silva,6/3/2024
N02,2014,Mariela Nuñez Ávila,2014,Mariela Nuñez Ávila,2014,Mariela Nuñez Ávila,2014,Fernanda Montero-Silva,6/3/2024
N03,2014,Mariela Nuñez Ávila,2014,Mariela Nuñez Ávila,2014,Mariela Nuñez Ávila,2014,Fernanda Montero-Silva,6/3/2024
N04,2014,Mariela Nuñez Ávila,2014,Mariela Nuñez Ávila,2014,Mariela Nuñez Ávila,2014,Fernanda Montero-Silva,6/3/2024
N05,2014,Mariela Nuñez Ávila,2014,Mariela Nuñez Ávila,2014,Mariela Nuñez Ávila,2014,Fernanda Montero-Silva,6/3/2024
N06,2014,Mariela Nuñez Ávila,2014,Mariela Nuñez Ávila,2014,Mariela Nuñez Ávila,2014,Fernanda Montero-Silva,6/3/2024
N07,2014,Mariela Nuñez Ávila,2013,Mariela Nuñez Ávila,2013,Mariela Nuñez Ávila,2013,Fernanda Montero-Silva,6/3/2024
N08,2014,Mariela Nuñez Ávila,2013,Mariela Nuñez Ávila,2013,Mariela Nuñez Ávila,2013,Fernanda Montero-Silva,6/3/2024
N09,2014,Mariela Nuñez Ávila,2013,Mariela Nuñez Ávila,2013,Mariela Nuñez Ávila,2013,Fernanda Montero-Silva,6/3/2024
N10,2014,Mariela Nuñez Ávila,2013,Mariela Nuñez Ávila,2013,Mariela Nuñez Ávila,2013,Fernanda Montero-Silva,6/3/2024
N11,2014,Mariela Nuñez Ávila,2013,Mariela Nuñez Ávila,2013,Mariela Nuñez Ávila,2013,Fernanda Montero-Silva,6/3/2024
N12,2014,Mariela Nuñez Ávila,2013,Mariela Nuñez Ávila,2013,Mariela Nuñez Ávila,2013,Fernanda Montero-Silva,6/3/2024
N13,2014,Mariela Nuñez Ávila,2013,Mariela Nuñez Ávila,2013,Mariela Nuñez Ávila,2013,Fernanda Montero-Silva,6/3/2024
N14,2014,Mariela Nuñez Ávila,2013,Mariela Nuñez Ávila,2013,Mariela Nuñez Ávila,2013,Fernanda Montero-Silva,6/3/2024
N15,2014,Mariela Nuñez Ávila,2013,Mariela Nuñez Ávila,2013,Mariela Nuñez Ávila,2013,Fernanda Montero-Silva,6/3/2024
N16,2014,Mariela Nuñez Ávila,2013,Mariela Nuñez Ávila,2013,Mariela Nuñez Ávila,2013,Fernanda Montero-Silva,6/3/2024
N17,2014,Mariela Nuñez Ávila,2013,Mariela Nuñez Ávila,2013,Mariela Nuñez Ávila,2013,Fernanda Montero-Silva,6/3/2024
N18,2014,Mariela Nuñez Ávila,2013,Mariela Nuñez Ávila,2013,Mariela Nuñez Ávila,2013,Fernanda Montero-Silva,6/3/2024
N19,2014,Mariela Nuñez Ávila,2013,Mariela Nuñez Ávila,2013,Mariela Nuñez Ávila,2013,Fernanda Montero-Silva,6/3/2024
N20,2014,Mariela Nuñez Ávila,2013,Mariela Nuñez Ávila,2013,Mariela Nuñez Ávila,2013,Fernanda Montero-Silva,6/3/2024
O01,2014,Mariela Nuñez Ávila,2014,Mariela Nuñez Ávila,2014,Mariela Nuñez Ávila,2014,Fernanda Montero-Silva,6/3/2024
O02,2014,Mariela Nuñez Ávila,2014,Mariela Nuñez Ávila,2014,Mariela Nuñez Ávila,2014,Fernanda Montero-Silva,6/3/2024
O03,2014,Mariela Nuñez Ávila,2014,Mariela Nuñez Ávila,2014,Mariela Nuñez Ávila,2014,Fernanda Montero-Silva,6/3/2024
O04,2014,Mariela Nuñez Ávila,2014,Mariela Nuñez Ávila,2014,Mariela Nuñez Ávila,2014,Fernanda Montero-Silva,6/3/2024
O05,2014,Mariela Nuñez Ávila,2014,Mariela Nuñez Ávila,2014,Mariela Nuñez Ávila,2014,Fernanda Montero-Silva,6/3/2024
O06,2014,Mariela Nuñez Ávila,2014,Mariela Nuñez Ávila,2014,Mariela Nuñez Ávila,2014,Fernanda Montero-Silva,6/3/2024
O07,2014,Mariela Nuñez Ávila,2013,Mariela Nuñez Ávila,2013,Mariela Nuñez Ávila,2013,Fernanda Montero-Silva,6/3/2024
O08,2014,Mariela Nuñez Ávila,2013,Mariela Nuñez Ávila,2013,Mariela Nuñez Ávila,2013,Fernanda Montero-Silva,6/3/2024
O09,2014,Mariela Nuñez Ávila,2013,Mariela Nuñez Ávila,2013,Mariela Nuñez Ávila,2013,Fernanda Montero-Silva,6/3/2024
O10,2014,Mariela Nuñez Ávila,2013,Mariela Nuñez Ávila,2013,Mariela Nuñez Ávila,2013,Fernanda Montero-Silva,6/3/2024
O11,2014,Mariela Nuñez Ávila,2013,Mariela Nuñez Ávila,2013,Mariela Nuñez Ávila,2013,Fernanda Montero-Silva,6/3/2024
O12,2014,Mariela Nuñez Ávila,2013,Mariela Nuñez Ávila,2013,Mariela Nuñez Ávila,2013,Fernanda Montero-Silva,6/3/2024
O13,2014,Mariela Nuñez Ávila,2013,Mariela Nuñez Ávila,2013,Mariela Nuñez Ávila,2013,Fernanda Montero-Silva,6/3/2024
O14,2014,Mariela Nuñez Ávila,2013,Mariela Nuñez Ávila,2013,Mariela Nuñez Ávila,2013,Fernanda Montero-Silva,6/3/2024
O15,2014,Mariela Nuñez Ávila,2013,Mariela Nuñez Ávila,2013,Mariela Nuñez Ávila,2013,Fernanda Montero-Silva,6/3/2024
O16,2014,Mariela Nuñez Ávila,2013,Mariela Nuñez Ávila,2013,Mariela Nuñez Ávila,2013,Fernanda Montero-Silva,6/3/2024
O17,2014,Mariela Nuñez Ávila,2013,Mariela Nuñez Ávila,2013,Mariela Nuñez Ávila,2013,Fernanda Montero-Silva,6/3/2024
O18,2014,Mariela Nuñez Ávila,2013,Mariela Nuñez Ávila,2013,Mariela Nuñez Ávila,2013,Fernanda Montero-Silva,6/3/2024
O19,2014,Mariela Nuñez Ávila,2013,Mariela Nuñez Ávila,2013,Mariela Nuñez Ávila,2013,Fernanda Montero-Silva,6/3/2024
O20,2014,Mariela Nuñez Ávila,2013,Mariela Nuñez Ávila,2013,Mariela Nuñez Ávila,2013,Fernanda Montero-Silva,6/3/2024
P01,2014,Mariela Nuñez Ávila,2014,Mariela Nuñez Ávila,2014,Mariela Nuñez Ávila,2014,Fernanda Montero-Silva,6/3/2024
P02,2014,Mariela Nuñez Ávila,2014,Mariela Nuñez Ávila,2014,Mariela Nuñez Ávila,2014,Fernanda Montero-Silva,6/3/2024
P03,2014,Mariela Nuñez Ávila,2014,Mariela Nuñez Ávila,2014,Mariela Nuñez Ávila,2014,Fernanda Montero-Silva,6/3/2024
P04,2014,Mariela Nuñez Ávila,2014,Mariela Nuñez Ávila,2014,Mariela Nuñez Ávila,2014,Fernanda Montero-Silva,6/3/2024
P05,2014,Mariela Nuñez Ávila,2014,Mariela Nuñez Ávila,2014,Mariela Nuñez Ávila,2014,Fernanda Montero-Silva,6/3/2024
P06,2014,Mariela Nuñez Ávila,2014,Mariela Nuñez Ávila,2014,Mariela Nuñez Ávila,2014,Fernanda Montero-Silva,6/3/2024
P07,2014,Mariela Nuñez Ávila,2013,Mariela Nuñez Ávila,2013,Mariela Nuñez Ávila,2013,Fernanda Montero-Silva,6/3/2024
P08,2014,Mariela Nuñez Ávila,2013,Mariela Nuñez Ávila,2013,Mariela Nuñez Ávila,2013,Fernanda Montero-Silva,6/3/2024
P09,2014,Mariela Nuñez Ávila,2013,Mariela Nuñez Ávila,2013,Mariela Nuñez Ávila,2013,Fernanda Montero-Silva,6/3/2024
P10,2014,Mariela Nuñez Ávila,2013,Mariela Nuñez Ávila,2013,Mariela Nuñez Ávila,2013,Fernanda Montero-Silva,6/3/2024
P11,2014,Mariela Nuñez Ávila,2013,Mariela Nuñez Ávila,2013,Mariela Nuñez Ávila,2013,Fernanda Montero-Silva,6/3/2024
P12,2014,Mariela Nuñez Ávila,2013,Mariela Nuñez Ávila,2013,Mariela Nuñez Ávila,2013,Fernanda Montero-Silva,6/3/2024
P13,2014,Mariela Nuñez Ávila,2013,Mariela Nuñez Ávila,2013,Mariela Nuñez Ávila,2013,Fernanda Montero-Silva,6/3/2024
P14,2014,Mariela Nuñez Ávila,2013,Mariela Nuñez Ávila,2013,Mariela Nuñez Ávila,2013,Fernanda Montero-Silva,6/3/2024
P15,2014,Mariela Nuñez Ávila,2013,Mariela Nuñez Ávila,2013,Mariela Nuñez Ávila,2013,Fernanda Montero-Silva,6/3/2024
P16,2014,Mariela Nuñez Ávila,2013,Mariela Nuñez Ávila,2013,Mariela Nuñez Ávila,2013,Fernanda Montero-Silva,6/3/2024
P17,2014,Mariela Nuñez Ávila,2013,Mariela Nuñez Ávila,2013,Mariela Nuñez Ávila,2013,Fernanda Montero-Silva,6/3/2024
P18,2014,Mariela Nuñez Ávila,2013,Mariela Nuñez Ávila,2013,Mariela Nuñez Ávila,2013,Fernanda Montero-Silva,6/3/2024
P19,2014,Mariela Nuñez Ávila,2013,Mariela Nuñez Ávila,2013,Mariela Nuñez Ávila,2013,Fernanda Montero-Silva,6/3/2024
P20,2014,Mariela Nuñez Ávila,2013,Mariela Nuñez Ávila,2013,Mariela Nuñez Ávila,2013,Fernanda Montero-Silva,6/3/2024
Q01,2014,Mariela Nuñez Ávila,2014,Mariela Nuñez Ávila,2014,Mariela Nuñez Ávila,2014,Fernanda Montero-Silva,6/3/2024
Q02,2014,Mariela Nuñez Ávila,2014,Mariela Nuñez Ávila,2014,Mariela Nuñez Ávila,2014,Fernanda Montero-Silva,6/3/2024
Q03,2014,Mariela Nuñez Ávila,2014,Mariela Nuñez Ávila,2014,Mariela Nuñez Ávila,2014,Fernanda Montero-Silva,6/3/2024
Q04,2014,Mariela Nuñez Ávila,2014,Mariela Nuñez Ávila,2014,Mariela Nuñez Ávila,2014,Fernanda Montero-Silva,6/3/2024
Q05,2014,Mariela Nuñez Ávila,2014,Mariela Nuñez Ávila,2014,Mariela Nuñez Ávila,2014,Fernanda Montero-Silva,6/3/2024
Q06,2014,Mariela Nuñez Ávila,2014,Mariela Nuñez Ávila,2014,Mariela Nuñez Ávila,2014,Fernanda Montero-Silva,6/3/2024
Q07,2014,Mariela Nuñez Ávila,2013,Mariela Nuñez Ávila,2013,Mariela Nuñez Ávila,2013,Fernanda Montero-Silva,6/3/2024
Q08,2014,Mariela Nuñez Ávila,2013,Mariela Nuñez Ávila,2013,Mariela Nuñez Ávila,2013,Fernanda Montero-Silva,6/3/2024
Q09,2014,Mariela Nuñez Ávila,2013,Mariela Nuñez Ávila,2013,Mariela Nuñez Ávila,2013,Fernanda Montero-Silva,6/3/2024
Q10,2014,Mariela Nuñez Ávila,2013,Mariela Nuñez Ávila,2013,Mariela Nuñez Ávila,2013,Fernanda Montero-Silva,6/3/2024
Q11,2014,Mariela Nuñez Ávila,2013,Mariela Nuñez Ávila,2013,Mariela Nuñez Ávila,2013,Fernanda Montero-Silva,6/3/2024
Q12,2014,Mariela Nuñez Ávila,2013,Mariela Nuñez Ávila,2013,Mariela Nuñez Ávila,2013,Fernanda Montero-Silva,6/3/2024
Q13,2014,Mariela Nuñez Ávila,2013,Mariela Nuñez Ávila,2013,Mariela Nuñez Ávila,2013,Fernanda Montero-Silva,6/3/2024
Q14,2014,Mariela Nuñez Ávila,2013,Mariela Nuñez Ávila,2013,Mariela Nuñez Ávila,2013,Fernanda Montero-Silva,6/3/2024
Q15,2014,Mariela Nuñez Ávila,2013,Mariela Nuñez Ávila,2013,Mariela Nuñez Ávila,2013,Fernanda Montero-Silva,6/3/2024
Q16,2014,Mariela Nuñez Ávila,2013,Mariela Nuñez Ávila,2013,Mariela Nuñez Ávila,2013,Fernanda Montero-Silva,6/3/2024
Q17,2014,Mariela Nuñez Ávila,2013,Mariela Nuñez Ávila,2013,Mariela Nuñez Ávila,2013,Fernanda Montero-Silva,6/3/2024
Q18,2014,Mariela Nuñez Ávila,2013,Mariela Nuñez Ávila,2013,Mariela Nuñez Ávila,2013,Fernanda Montero-Silva,6/3/2024
Q19,2014,Mariela Nuñez Ávila,2013,Mariela Nuñez Ávila,2013,Mariela Nuñez Ávila,2013,Fernanda Montero-Silva,6/3/2024
Q20,2014,Mariela Nuñez Ávila,2013,Mariela Nuñez Ávila,2013,Mariela Nuñez Ávila,2013,Fernanda Montero-Silva,6/3/2024
R01,2014,Mariela Nuñez Ávila,2014,Mariela Nuñez Ávila,2014,Mariela Nuñez Ávila,2014,Fernanda Montero-Silva,6/3/2024
R02,2014,Mariela Nuñez Ávila,2014,Mariela Nuñez Ávila,2014,Mariela Nuñez Ávila,2014,Fernanda Montero-Silva,6/3/2024
R03,2014,Mariela Nuñez Ávila,2014,Mariela Nuñez Ávila,2014,Mariela Nuñez Ávila,2014,Fernanda Montero-Silva,6/3/2024
R04,2014,Mariela Nuñez Ávila,2014,Mariela Nuñez Ávila,2014,Mariela Nuñez Ávila,2014,Fernanda Montero-Silva,6/3/2024
R05,2014,Mariela Nuñez Ávila,2014,Mariela Nuñez Ávila,2014,Mariela Nuñez Ávila,2014,Fernanda Montero-Silva,6/3/2024
R06,2014,Mariela Nuñez Ávila,2014,Mariela Nuñez Ávila,2014,Mariela Nuñez Ávila,2014,Fernanda Montero-Silva,6/3/2024
R07,2014,Mariela Nuñez Ávila,2013,Mariela Nuñez Ávila,2013,Mariela Nuñez Ávila,2013,Fernanda Montero-Silva,6/3/2024
R08,2014,Mariela Nuñez Ávila,2013,Mariela Nuñez Ávila,2013,Mariela Nuñez Ávila,2013,Fernanda Montero-Silva,6/3/2024
R09,2014,Mariela Nuñez Ávila,2013,Mariela Nuñez Ávila,2013,Mariela Nuñez Ávila,2013,Fernanda Montero-Silva,6/3/2024
R10,2014,Mariela Nuñez Ávila,2013,Mariela Nuñez Ávila,2013,Mariela Nuñez Ávila,2013,Fernanda Montero-Silva,6/3/2024
R11,2014,Mariela Nuñez Ávila,2013,Mariela Nuñez Ávila,2013,Mariela Nuñez Ávila,2013,Fernanda Montero-Silva,6/3/2024
R12,2014,Mariela Nuñez Ávila,2013,Mariela Nuñez Ávila,2013,Mariela Nuñez Ávila,2013,Fernanda Montero-Silva,6/3/2024
R13,2014,Mariela Nuñez Ávila,2013,Mariela Nuñez Ávila,2013,Mariela Nuñez Ávila,2013,Fernanda Montero-Silva,6/3/2024
R14,2014,Mariela Nuñez Ávila,2013,Mariela Nuñez Ávila,2013,Mariela Nuñez Ávila,2013,Fernanda Montero-Silva,6/3/2024
R15,2014,Mariela Nuñez Ávila,2013,Mariela Nuñez Ávila,2013,Mariela Nuñez Ávila,2013,Fernanda Montero-Silva,6/3/2024
R16,2014,Mariela Nuñez Ávila,2013,Mariela Nuñez Ávila,2013,Mariela Nuñez Ávila,2013,Fernanda Montero-Silva,6/3/2024
R17,2014,Mariela Nuñez Ávila,2013,Mariela Nuñez Ávila,2013,Mariela Nuñez Ávila,2013,Fernanda Montero-Silva,6/3/2024
R18,2014,Mariela Nuñez Ávila,2013,Mariela Nuñez Ávila,2013,Mariela Nuñez Ávila,2013,Fernanda Montero-Silva,6/3/2024
R19,2014,Mariela Nuñez Ávila,2013,Mariela Nuñez Ávila,2013,Mariela Nuñez Ávila,2013,Fernanda Montero-Silva,6/3/2024
R20,2014,Mariela Nuñez Ávila,2013,Mariela Nuñez Ávila,2013,Mariela Nuñez Ávila,2013,Fernanda Montero-Silva,6/3/2024
S01,2014,Mariela Nuñez Ávila,2014,Mariela Nuñez Ávila,2014,Mariela Nuñez Ávila,2014,Fernanda Montero-Silva,6/3/2024
S02,2014,Mariela Nuñez Ávila,2014,Mariela Nuñez Ávila,2014,Mariela Nuñez Ávila,2014,Fernanda Montero-Silva,6/3/2024
S03,2014,Mariela Nuñez Ávila,2014,Mariela Nuñez Ávila,2014,Mariela Nuñez Ávila,2014,Fernanda Montero-Silva,6/3/2024
S04,2014,Mariela Nuñez Ávila,2014,Mariela Nuñez Ávila,2014,Mariela Nuñez Ávila,2014,Fernanda Montero-Silva,6/3/2024
S05,2014,Mariela Nuñez Ávila,2014,Mariela Nuñez Ávila,2014,Mariela Nuñez Ávila,2014,Fernanda Montero-Silva,6/3/2024
S06,2014,Mariela Nuñez Ávila,2014,Mariela Nuñez Ávila,2014,Mariela Nuñez Ávila,2014,Fernanda Montero-Silva,6/3/2024
S07,2014,Mariela Nuñez Ávila,2013,Mariela Nuñez Ávila,2013,Mariela Nuñez Ávila,2013,Fernanda Montero-Silva,6/3/2024
S08,2014,Mariela Nuñez Ávila,2013,Mariela Nuñez Ávila,2013,Mariela Nuñez Ávila,2013,Fernanda Montero-Silva,6/3/2024
S09,2014,Mariela Nuñez Ávila,2013,Mariela Nuñez Ávila,2013,Mariela Nuñez Ávila,2013,Fernanda Montero-Silva,6/3/2024
S10,2014,Mariela Nuñez Ávila,2013,Mariela Nuñez Ávila,2013,Mariela Nuñez Ávila,2013,Fernanda Montero-Silva,6/3/2024
S11,2014,Mariela Nuñez Ávila,2013,Mariela Nuñez Ávila,2013,Mariela Nuñez Ávila,2013,Fernanda Montero-Silva,6/3/2024
S12,2014,Mariela Nuñez Ávila,2013,Mariela Nuñez Ávila,2013,Mariela Nuñez Ávila,2013,Fernanda Montero-Silva,6/3/2024
S13,2014,Mariela Nuñez Ávila,2013,Mariela Nuñez Ávila,2013,Mariela Nuñez Ávila,2013,Fernanda Montero-Silva,6/3/2024
S14,2014,Mariela Nuñez Ávila,2013,Mariela Nuñez Ávila,2013,Mariela Nuñez Ávila,2013,Fernanda Montero-Silva,6/3/2024
S15,2014,Mariela Nuñez Ávila,2013,Mariela Nuñez Ávila,2013,Mariela Nuñez Ávila,2013,Fernanda Montero-Silva,6/3/2024
S16,2014,Mariela Nuñez Ávila,2013,Mariela Nuñez Ávila,2013,Mariela Nuñez Ávila,2013,Fernanda Montero-Silva,6/3/2024
S17,2014,Mariela Nuñez Ávila,2013,Mariela Nuñez Ávila,2013,Mariela Nuñez Ávila,2013,Fernanda Montero-Silva,6/3/2024
S18,2014,Mariela Nuñez Ávila,2013,Mariela Nuñez Ávila,2013,Mariela Nuñez Ávila,2013,Fernanda Montero-Silva,6/3/2024
S19,2014,Mariela Nuñez Ávila,2013,Mariela Nuñez Ávila,2013,Mariela Nuñez Ávila,2013,Fernanda Montero-Silva,6/3/2024
S20,2014,Mariela Nuñez Ávila,2013,Mariela Nuñez Ávila,2013,Mariela Nuñez Ávila,2013,Fernanda Montero-Silva,6/3/2024
T01,2014,Mariela Nuñez Ávila,2014,Mariela Nuñez Ávila,2014,Mariela Nuñez Ávila,2014,Fernanda Montero-Silva,6/3/2024
T02,2014,Mariela Nuñez Ávila,2014,Mariela Nuñez Ávila,2014,Mariela Nuñez Ávila,2014,Fernanda Montero-Silva,6/3/2024
T03,2014,Mariela Nuñez Ávila,2014,Mariela Nuñez Ávila,2014,Mariela Nuñez Ávila,2014,Fernanda Montero-Silva,6/3/2024
T04,2014,Mariela Nuñez Ávila,2014,Mariela Nuñez Ávila,2014,Mariela Nuñez Ávila,2014,Fernanda Montero-Silva,6/3/2024
T05,2014,Mariela Nuñez Ávila,2014,Mariela Nuñez Ávila,2014,Mariela Nuñez Ávila,2014,Fernanda Montero-Silva,6/3/2024
T06,2014,Mariela Nuñez Ávila,2014,Mariela Nuñez Ávila,2014,Mariela Nuñez Ávila,2014,Fernanda Montero-Silva,6/3/2024
T07,2014,Mariela Nuñez Ávila,2013,Mariela Nuñez Ávila,2013,Mariela Nuñez Ávila,2013,Fernanda Montero-Silva,6/3/2024
T08,2014,Mariela Nuñez Ávila,2013,Mariela Nuñez Ávila,2013,Mariela Nuñez Ávila,2013,Fernanda Montero-Silva,6/3/2024
T09,2014,Mariela Nuñez Ávila,2013,Mariela Nuñez Ávila,2013,Mariela Nuñez Ávila,2013,Fernanda Montero-Silva,6/3/2024
T10,2014,Mariela Nuñez Ávila,2013,Mariela Nuñez Ávila,2013,Mariela Nuñez Ávila,2013,Fernanda Montero-Silva,6/3/2024
T11,2014,Mariela Nuñez Ávila,2013,Mariela Nuñez Ávila,2013,Mariela Nuñez Ávila,2013,Fernanda Montero-Silva,6/3/2024
T12,2014,Mariela Nuñez Ávila,2013,Mariela Nuñez Ávila,2013,Mariela Nuñez Ávila,2013,Fernanda Montero-Silva,6/3/2024
T13,2014,Mariela Nuñez Ávila,2013,Mariela Nuñez Ávila,2013,Mariela Nuñez Ávila,2013,Fernanda Montero-Silva,6/3/2024
T14,2014,Mariela Nuñez Ávila,2013,Mariela Nuñez Ávila,2013,Mariela Nuñez Ávila,2013,Fernanda Montero-Silva,6/3/2024
T15,2014,Mariela Nuñez Ávila,2013,Mariela Nuñez Ávila,2013,Mariela Nuñez Ávila,2013,Fernanda Montero-Silva,6/3/2024
T16,2014,Mariela Nuñez Ávila,2013,Mariela Nuñez Ávila,2013,Mariela Nuñez Ávila,2013,Fernanda Montero-Silva,6/3/2024
T17,2014,Mariela Nuñez Ávila,2013,Mariela Nuñez Ávila,2013,Mariela Nuñez Ávila,2013,Fernanda Montero-Silva,6/3/2024
T18,2014,Mariela Nuñez Ávila,2013,Mariela Nuñez Ávila,2013,Mariela Nuñez Ávila,2013,Fernanda Montero-Silva,6/3/2024
T19,2014,Mariela Nuñez Ávila,2013,Mariela Nuñez Ávila,2013,Mariela Nuñez Ávila,2013,Fernanda Montero-Silva,6/3/2024
T20,2014,Mariela Nuñez Ávila,2013,Mariela Nuñez Ávila,2013,Mariela Nuñez Ávila,2013,Fernanda Montero-Silva,6/3/2024
